comment,recall@10,ndcg@10,coverage@10,arp@10,fit_time
__n_negatives=256,0.3289763974131894,0.2063037226358767,0.2093516851041934,0.0103686984459054,12687
