comment,recall@10,ndcg@10,coverage@10,arp@10,fit_time
__n_negatives=256,0.3146737330241801,0.1773355443752324,0.6185205183585313,0.0008563876673728,355
